StateAbbr,StateFull,percball12,percball14,percball16,percball18,percrej12,percrej14,percrej16,percrej18,voters12,voters14,voters16,voters18,regfac12,regfac14,regfac16,regfac18,balfac12,balfac14,balfac16,balfac18,regsyst12,regsyst14,regsyst16,regsyst18,lnpercball12,lnpercball14,lnpercball16,lnpercball18,lnpercrej12,lnpercrej14,lnpercrej16,lnpercrej18,lnvoters12,lnvoters14,lnvoters16,lnvoters18,voters12mill,voters14mill,voters16mill,voters18mill,absball12,absball14,absball16,absball18,absrej12,absrej14,absrej16,absrej18,perctranspost18,perctransemail18,perctransother18,emailballot18,postret18,emailret18,otherret18
AL,Alabama,59.09170001740038,82.09538702111024,38.1342062193126,32.03463203463203,4.934070608251808,3.930131004366813,4.133597883597884,1.273885350318471,3162135,2986782,3333946,3465352,1,1,2,2,1,1,3,3,Top-Down,Top-Down,Top-Down,Top-Down,4.0790906,4.4078817,3.6411116,3.4668176,1.5961643,1.3686727,1.4191482,.24207155,14.966758,14.909707,15.019667,15.058325,3.1600001,2.99,3.3299999,3,12.8,16.719999,10.03,8.6999998,,,,2.3,20.454546,75.324677,4.2207794,1,43.312103,53.662422,3.0254776
AK,Alaska,11.21910347716799,24.21259842519685,12.36303493901178,16.03163191948239,8.248395620989053,5.032467532467533,8.433592828497288,2.511415525114155,579304,574441,587303,624467,1,1,3,4,1,1,1,1,Bottom-Up,Bottom-Up,Bottom-Up,Top-Down,2.417618,3.1868732,2.5147109,2.7745638,2.1100187,1.6159104,2.1322229,.92084652,13.269583,13.261152,13.283297,13.344654,.57999998,.56999999,.58999997,1,15.45,24.950001,13.17,16.52,3.1600001,3.8,3.1700001,3.0999999,36.85598,,63.14402,0,,,
AR,Arkansas,14.65069860279441,33.62989323843416,16.90427698574338,50.97402597402597,8.746492048643592,2.144772117962467,10.73529411764706,12.05298013245033,1610364,1695208,1765513,1786840,1,1,1,3,1,1,1,3,Top-Down,Top-Down,Top-Down,Top-Down,2.6844881,3.5154154,2.8275666,3.9313161,2.1686528,.76303333,2.3735368,2.4893119,14.291971,14.343316,14.383952,14.395959,1.61,1.7,1.77,1.79,9.0799999,9.4799995,7.9499998,12.27,3.05,6.3099999,5.8600001,8.8400002,41.896023,56.42202,1.6819572,1,96.038254,3.2786884,.68306011
AZ,Arizona,28.56062325088874,63.14356997051485,18.32531671295983,38.37400041008817,.9528851244044468,3.384615384615385,2.770404777704047,.698719015138912,3725362,3802786,4080680,4276891,3,3,3,4,1,1,1,4,Hybrid,Hybrid,Hybrid,Hybrid,3.3520288,4.145411,2.9082835,3.6473801,-.048260923,1.2192403,1.0189935,-.35850659,15.130674,15.151244,15.221774,15.268737,3.73,3.8,4.0799999,4.2800002,19.67,42.130001,18.58,29.01,.80000001,.87,.52999997,.41999999,13.666039,86.090515,.24344362,1,10.776009,87.953239,1.2707556
CA,California,43.7559521160607,84.51273085392438,29.25338232837815,60.96745575944343,8.472457392432705,11.53901114604173,4.678203796392483,6.569692329776544,18996338,18139233,24486638,25103559,3,3,3,3,1,1,1,3,Bottom-Up,Bottom-Up,Bottom-Up,Bottom-Up,3.7786276,4.436902,3.3759952,4.1103401,2.1368206,2.4457335,1.5429143,1.882467,16.759756,16.713587,17.013638,17.038521,19,18.139999,24.49,25.1,29.370001,49.5,29.17,39.66,.88999999,1.9,.69,2,40.927212,55.833515,3.2392731,1,67.826874,.46106285,31.712063
CO,Colorado,30.37253879777038,64.50322178341301,40.22006472491909,45.59784299491859,3.651442723031734,1.785975699019177,1.619748809008229,2.05235735163299,3651091,3649105,3840303,3953613,3,3,3,4,1,1,2,3,Top-Down,Top-Down,Top-Down,Top-Down,3.4135389,4.1667151,3.694366,3.8198605,1.2951224,.57996488,.48227108,.71898907,15.110537,15.109992,15.161062,15.190141,3.6500001,3.6500001,3.8399999,3.95,12.49,34.970001,22.17,29.360001,.88,.75999999,.88,.77999997,31.487434,68.139236,.37332779,1,40.28466,58.882957,.83238024
CT,Connecticut,11.43245341614907,26.68463611859838,18.25396825396825,3.137254901960784,.9642778873548105,1.838235294117647,1.827527127355797,1.17776959882223,2202278,2160979,2331684,2369335,1,3,3,3,0,0,0,2,Top-Down,Top-Down,Top-Down,Top-Down,2.4364562,3.2840879,2.9043825,1.1433482,-.036375761,.60880601,.60296375,.16362248,14.605002,14.586072,14.662102,14.67812,2.2,2.1600001,2.3299999,2.3699999,8.6599998,8.3900003,,5.0799999,1.96,2.1400001,1.92,1.9,,,,0,,,
DC,District of Columbia,18.58887381275441,55.78313253012048,18.97546897546897,49.56794972505892,1.5,14.98637602179836,5.253784505788068,2.803738317757009,557774,456633,493287,617046,1,2,2,4,1,1,1,3,Top-Down,Top-Down,Top-Down,Top-Down,2.9225633,4.0214715,2.9431469,3.9033444,.4054651,2.7071416,1.6589487,1.0309536,13.231709,13.031635,13.108847,13.332699,.56,.46000001,.49000001,.62,28.200001,25.4,22.17,24.59,3.46,,.2,3.55,7.3841319,92.458755,.15710919,1,9.8130836,89.719627,.46728972
DE,Delaware,3.314917127071823,57.86163522012578,19.6,38.15566835871405,9.77142857142857,1.492537313432836,4.166666666666666,1.367989056087551,632805,642022,675663,695014,1,2,2,3,1,1,1,3,Top-Down,Top-Down,Top-Down,Top-Down,1.1984326,4.0580544,2.9755297,3.6416743,2.2794626,.40047756,1.4271164,.31334183,13.357918,13.372377,13.42345,13.451687,.63,.63999999,.68000001,.69999999,7.6300001,23.52,11.93,18.690001,1.23,1.34,1.54,4.9899998,13.790186,86.209816,0,1,17.236662,77.701775,5.0615597
FL,Florida,23.84853275883038,62.86947762267953,30.4326585186074,47.62005010420833,3.086891548122882,3.782652507557554,3.278425961289687,6.593384510268879,11934446,12689081,13505571,14126722,1,1,2,2,1,1,1,3,Hybrid,Hybrid,Hybrid,Top-Down,3.1717227,4.1410608,3.4155164,3.8632538,1.1271646,1.3304255,1.1873634,1.8860668,16.294939,16.356253,16.418613,16.463579,11.93,12.69,13.51,14.13,18.16,29.059999,21.709999,25.57,.89999998,1.02,.81999999,1.17,52.324589,44.701153,2.9742553,1,89.839638,.088420883,10.071942
GA,Georgia,34.53542845988679,3.400309119010819,27.36932488998605,33.44724947635321,2.400298173686172,,8.14245603664844,5.631936392247805,6050050,6029703,6657621,6944851,3,3,3,3,0,0,0,3,Top-Down,Top-Down,Top-Down,Top-Down,3.5419858,1.2238663,3.309423,3.5099695,.87559295,3.7574723,2.0970919,1.7284533,15.615577,15.612208,15.711273,15.753511,6.0500002,6.0300002,6.6599998,6.9400001,1.6799999,12.96,10.08,13.8,.039999999,3.9100001,6.4200001,3.0999999,,,,1,25.592182,74.407822,
HI,Hawaii,32.62103505843072,46.96132596685083,22.64260768335274,0,0,12.5,2.595936794582393,1.118568232662192,705668,708721,751483,756751,1,1,2,4,0,0,1,3,Top-Down,Top-Down,Top-Down,Top-Down,3.4849572,3.8493245,3.1198335,,,2.5257287,.95394742,.11204951,13.4669,13.471217,13.529804,13.53679,.70999998,.70999998,.75,.75999999,9.8100004,14.24,12.79,21.59,.69999999,.5,.64999998,.73000002,22.371365,77.628632,0,1,22.371365,77.628632,0
IA,Iowa,0,9.212730318257957,21.11943404078236,27.51862014896119,5.929327211020164,5.904059040590406,5.697705091005012,2.379664683612764,2236068,2142572,2222380,2193813,1,1,2,3,1,1,1,3,Top-Down,Top-Down,Top-Down,Top-Down,,2.2205863,3.0501935,3.314863,1.7799108,1.7756401,1.7400634,.86695957,14.62023,14.577518,14.614089,14.601151,2.24,2.1400001,2.22,2.1900001,7.0100002,10.28,3.1099999,9.3800001,1.1900001,1.55,.64999998,1.58,21.834574,78.087029,.078400627,1,75.890549,21.992773,2.1166754
ID,Idaho,7.545787545787546,26.54867256637169,15.14851485148515,21.95767195767196,13.58954041204437,10.12048192771084,14.85803189420459,6.666666666666667,895834,793709,936529,917609,1,1,1,3,1,1,1,3,Top-Down,Top-Down,Top-Down,Top-Down,2.0209894,3.2789798,2.7179024,3.0891166,2.6093004,2.3145614,2.6985407,1.89712,13.70551,13.584472,13.749936,13.729527,.89999998,.79000002,.94,.92000002,3.25,10.88,2.97,6.23,.57999998,.73000002,.44,1.58,42.416225,56.261024,1.3227513,1,98.531075,.79096043,.67796612
IL,Illinois,,54.48306398051804,,27.98726738491675,,2.383268482490272,,,8116660,8336548,8843038,8751060,3,3,3,4,2,1,1,2,Bottom-Up,Bottom-Up,Bottom-Up,Bottom-Up,,3.99789,,3.3317497,,.86847287,,,15.90943,15.93616,15.995141,15.984685,8.1199999,8.3400002,8.8400002,8.75,7.9299998,,11.94,15.97,1.4,,1.59,2.1700001,19.977703,76.075806,3.9464884,0,,,
IN,Indiana,12.19184769343422,9.737827715355806,8.773166800966962,20.12252591894439,20.58373870743572,7.219917012448132,1.965330683449266,1.563421828908555,4562268,4587021,4839038,4500196,2,2,3,4,1,1,2,3,Top-Down,Top-Down,Top-Down,Top-Down,2.5007675,2.2760181,2.1716979,3.0018399,3.0245013,1.9768435,.67566049,.44687691,15.33333,15.338741,15.392226,15.319632,4.5599999,4.5900002,4.8400002,4.5,.66000003,.88999999,.25999999,.55000001,2.1400001,2.48,.22,.44999999,15.834119,74.387367,9.778511,1,24.306786,75.604721,.088495575
KS,Kansas,5.620287868403016,18.81656804733728,15.90703971119134,10.3448275862069,5.688695231178891,1.749271137026239,1.234236651462302,.5197505197505198,1771252,1747792,1785834,1835473,1,1,1,3,1,1,2,3,Top-Down,Top-Down,Top-Down,Top-Down,1.7263829,2.9347377,2.7667618,2.3364866,1.7384809,.55919921,.21045268,-.65440637,14.387197,14.373864,14.395396,14.422812,1.77,1.75,1.79,1.84,30.18,11.96,8.8100004,9.8500004,3.6400001,1.8200001,2.4300001,1.09,9.6743746,90.231239,.094384141,1,,,
KY,Kentucky,12.9193109700816,35.63025210084034,45.8777633289987,42.79578289730574,8.094742321707445,10.18276762402089,4.300816914944738,13.24232081911263,3037153,3147100,3306120,3402905,3,2,2,3,1,1,1,2,Top-Down,Top-Down,Top-Down,Top-Down,2.5587232,3.573195,3.8259804,3.7564397,2.0912147,2.3206968,1.458805,2.5834179,14.926431,14.961992,15.011286,15.04014,3.04,3.1500001,3.3099999,3.4000001,0,6.79,10.36,11.94,5.3800001,6.1500001,5.6300001,7.02,15.657947,81.140182,3.2018743,0,94.470993,,5.5290103
LA,Louisiana,35.48604557098557,83.8405036726128,41.964408883984,77.37550284366765,4.284221525600835,6.40074211502783,6.346565248395532,9.564684242795831,2965751,2935692,3058741,2992170,3,3,3,4,2,2,1,3,Top-Down,Top-Down,Top-Down,Top-Down,3.5691395,4.4289165,3.7368219,4.34867,1.4549389,1.856414,1.8479137,2.2580776,14.902641,14.892454,14.933514,14.91151,2.97,2.9400001,3.0599999,2.99,21.73,29.790001,21.51,32.830002,5.4299998,6,3.8,5.9099998,20.529894,79.386879,.083229296,1,83.077866,2.0232985,14.898835
MA,Massachusetts,17.66446395107999,28.87231241772707,17.2111248349589,17.88859307802581,.5031145184475324,.6785934608266502,.9517440065850397,.6609302905599201,4340000,4301118,4534974,4574967,1,1,1,2,3,3,1,3,Top-Down,Top-Down,Top-Down,Top-Down,2.8715549,3.3628831,2.845556,2.8841631,-.68693745,-.38773307,-.049459182,-.41410691,15.283385,15.274385,15.32733,15.33611,4.3400002,4.3000002,4.5300002,4.5700002,8.2299995,9.0699997,10.74,15.19,.95999998,.93000001,3.3,5.8299999,10.086013,89.125534,.7884497,1,9.2779646,89.824165,.89786756
MD,Maryland,15.24936998183203,44.27480916030535,25.11005380408199,31.99795081967213,11.23020537998755,9.208523592085236,7.623797648735304,2.968208527949375,3694658,3701666,3900090,3954027,3,3,3,3,2,2,2,2,Top-Down,Top-Down,Top-Down,Top-Down,2.7245381,3.7904158,3.2232683,3.4656718,2.418607,2.2201295,2.0312746,1.0879586,15.122398,15.124293,15.17651,15.190245,3.6900001,3.7,3.9000001,3.95,12.46,19.07,22.110001,22.23,1.08,1.3,1.49,1.76,22.049181,.35860655,77.592216,0,51.71011,,48.28989
ME,Maine,25.51908908238446,22.25461613216715,12.38332296204107,20.27027027027027,7.943645083932855,3,3.977272727272727,2.976436544026457,1026086,1014674,1065100,1057967,2,2,2,3,1,0,0,2,Top-Down,Top-Down,Top-Down,Hybrid,3.2394269,3.1025496,2.5163507,3.0091553,2.0723722,1.0986123,1.3805964,1.0907269,13.841262,13.830078,13.878579,13.87186,1.03,1.01,1.0700001,1.0599999,3.2,3.8900001,2.26,4.0300002,1.15,1.03,.95999998,1.14,14.07383,85.92617,,1,30.384457,69.615547,
MI,Michigan,20.37917439703154,23.69291859695566,21.77157689811811,24.64293561854538,7.522027233670721,2.65972824515756,2.559696628547727,1.589152937746027,7454553,7446280,7514055,7471088,1,1,2,3,0,1,1,3,Top-Down,Top-Down,Top-Down,Top-Down,3.0145135,3.1651762,3.0806053,3.2044902,2.0178356,.97822398,.93988878,.46320114,15.824335,15.823225,15.832286,15.826551,7.4499998,7.4499998,7.5100002,7.4699998,2.9100001,7.2399998,6.1199999,5.48,.63999999,.63,.49000001,.56999999,31.564491,67.578552,.85695451,1,31.739321,67.298439,.96223938
MN,Minnesota,16.6251282803108,35.81865867366055,23.34821147922298,28.36595142655034,7.631440126604537,6.538237011091653,7.799557122939392,12.68926925608953,3387783,3197751,3473972,3422515,1,2,2,4,1,1,2,3,Top-Down,Top-Down,Top-Down,Top-Down,2.8109152,3.578469,3.1505203,3.3451896,2.0322766,1.8776675,2.0540669,2.5407567,15.035686,14.977959,15.060809,15.045886,3.3900001,3.2,3.47,3.4200001,4.3200002,17.110001,7.54,11.3,2.9300001,2.01,.91000003,1.17,10.575336,89.424667,0,1,9.874918,90.125084,0
MO,Missouri,14.37942344208528,40.76281287246722,26.17639269003266,34.67222432739674,3.860887096774194,2.716297786720322,1.638364027744559,6.351508120649651,4191778,4090939,4215860,4127333,1,2,2,2,1,1,1,3,Top-Down,Top-Down,Top-Down,Top-Down,2.6657982,3.7077701,3.264858,3.545939,1.350897,.99926984,.49369821,1.8486923,15.248635,15.224285,15.254364,15.233142,4.1900001,4.0900002,4.2199998,4.1300001,4.5900002,6.3899999,4.7399998,5.2800002,1.97,1.83,2.0999999,2.1800001,22.546419,40.526714,36.926865,1,,,
MS,Mississippi,15.09580528223718,45.77464788732394,38.56018653453804,29.8841059602649,3.110704483074108,2.597402597402597,.9013282732447818,0,1399209,1484859,2072395,2079732,3,3,3,3,1,3,3,3,Hybrid,Hybrid,Hybrid,Bottom-Up,2.714417,3.8237305,3.6522202,3.3973267,1.1348492,.95451194,-.10388575,,14.151418,14.210831,14.544215,14.54775,1.4,1.48,2.0699999,2.0799999,5.8699999,8.96,5.9400001,8.3500004,3.4100001,2.53,1.53,.75,0,100,0,1,0,70.115891,0
MT,Montana,31.0302845837772,33.70535714285715,15.02309700743121,18.44388469073608,.9929390997352162,1.262626262626263,.7799574568659891,.3431708991077557,681608,674264,694370,706173,3,3,3,4,1,3,3,2,Hybrid,Hybrid,Top-Down,Top-Down,3.4349637,3.5176568,2.7095888,2.9147329,-.0070859464,.23319389,-.2485159,-1.0695267,13.43221,13.421377,13.45076,13.467615,.68000001,.67000002,.69,.70999998,9.2700005,11.14,5.0900002,16.93,.30000001,.41999999,.34,.37,45.144138,47.383152,7.472712,0,,,
NC,North Carolina,20.89184156223262,28.17460317460317,18.76719354688301,17.90547798066595,.8970606947448785,.8499787505312366,1.320169900126277,.4448514981028392,6655291,6628521,6924469,7095209,0,1,1,3,0,1,1,3,Top-Down,Top-Down,Hybrid,Hybrid,3.0393586,3.3384209,2.9321103,2.8851068,-.10863175,-.16254392,.27776045,-.81001478,15.710923,15.706892,15.750572,15.77493,6.6599998,6.6300001,6.9200001,7.0999999,10.71,19.059999,15.64,24.27,1.09,4.9499998,2.71,6.1100001,12.040816,87.916222,.042964555,1,9.6558943,90.291771,.052335471
ND,North Dakota,17.49688667496887,15.27377521613833,13.49480968858132,0,1.358490566037736,1.360544217687075,3.266666666666666,3.078817733990148,,,,,,,,,1,1,1,4,Top-Down,Top-Down,Top-Down,Top-Down,2.8620229,2.7261374,2.6023052,,.30637419,.30788478,1.1837701,1.1245457,,,,,,,,,5.46,6.1500001,4.9699998,5.3600001,.38,.87,.74000001,.57999998,17.610838,82.38916,0,1,17.610838,82.38916,0
NE,Nebraska,14.62063086104007,30.72289156626506,18.50362027353178,17.14898177920686,4.593110334498253,5.652173913043478,4.689042448173741,4.657179818887451,1163871,1160169,1211101,1219276,1,1,3,3,0,0,0,2,Top-Down,Top-Down,Top-Down,Top-Down,2.6824336,3.4250081,2.9179664,2.8419387,1.5245575,1.7320403,1.5452284,1.5384101,13.967262,13.964076,14.00704,14.013768,1.16,1.16,1.21,1.22,10.55,7.9200001,3.9300001,8.4499998,1.9,1.48,1.13,.93000001,22.400858,76.527328,1.0718113,1,78.007759,16.300129,5.6921086
NH,New Hampshire,12.3578302712161,20.3370786516854,12.19512195121951,16.49686520376175,7.337159970052408,7.757404795486601,4.938271604938271,6.475832942280619,878136,877514,988398,988148,1,2,2,3,2,2,1,2,Top-Down,Top-Down,Top-Down,Top-Down,2.5142899,3.0124457,2.5010359,2.8031704,1.9929519,2.0486479,1.5970154,1.8680773,13.685556,13.684848,13.803841,13.803588,.88,.88,.99000001,.99000001,4.73,4.8800001,3.5,4.73,2.6300001,2.3699999,2.1700001,2.6900001,14.106583,85.893417,,0,83.503136,,
NJ,New Jersey,28.98930937233554,,18.98599915146373,,1.440842338597949,,1.073579471065724,,5415639,5552481,5751090,5869078,2,1,1,3,1,1,1,3,Top-Down,Top-Down,Top-Down,Top-Down,3.3669271,,2.9437017,,.36522791,,.070998363,,15.504802,15.529756,15.5649,15.585208,5.4200001,5.5500002,5.75,5.8699999,15.61,30.120001,13.63,27.84,2.3,3.74,2.8,2.8800001,12.178246,87.766396,.055355661,1,,,
NM,New Mexico,32.07236842105263,31.10419906687403,20.16186622232802,14.72785485592316,7.436873054306468,4.288939051918736,.2683363148479427,3.566958698372966,1252438,1287325,1289420,1261639,0,1,2,2,1,1,1,3,Top-Down,Top-Down,Top-Down,Top-Down,3.4679949,3.4373429,3.003793,2.6897407,2.0064504,1.4560394,-1.3155142,1.2717134,14.040603,14.068077,14.069703,14.047922,1.25,1.29,1.29,1.26,14.65,18.9,11.85,1.98,1.36,.49000001,.16,.059999999,12.966916,87.033081,,1,11.389236,88.610764,
NV,Nevada,5.256628934718561,44.76241900647948,13.60515021459227,12.80832095096582,4.337152209492634,6.647116324535679,1.390958768007948,1.431492842535787,1258409,1476337,1678883,1773566,2,2,2,4,3,4,1,3,Bottom-Up,Bottom-Up,Bottom-Up,Bottom-Up,1.65949,3.801369,2.6104484,2.5500951,1.4672179,1.8941832,.32999328,.35871786,14.045359,14.205074,14.333639,14.388503,1.26,1.48,1.6799999,1.77,14.98,15.59,15.59,16.549999,1.49,2.6700001,1.6,2.05,24.725111,52.778603,22.496284,1,22.392637,76.993866,.61349696
NY,New York,30.83218682753025,65.64149371006785,9.452148898716242,58.28259635725711,17.11378589279339,7.957957957957958,8.736575072903578,15.243808169197,11720541,11806742,16200892,12695763,1,1,1,3,1,1,1,2,Bottom-Up,Bottom-Up,Bottom-Up,Bottom-Up,3.4285591,4.1842079,2.246242,4.0653033,2.8398843,2.0741725,2.1675181,2.7241733,16.276854,16.284182,16.600576,16.356779,11.72,11.81,16.200001,12.7,4.1100001,20.690001,18.84,27.040001,0,7.4299998,5.6799998,13.69,42.050205,57.926579,.023218617,0,,,
OH,Ohio,19.43689419970255,33.61687648860156,19.40907008703619,21.52756069605085,2.28531415112356,2.152742183495643,1.506280907178992,2.084716505112203,7987697,7748201,7861025,8070917,1,1,1,3,1,1,1,2,Bottom-Up,Bottom-Up,Bottom-Up,Bottom-Up,2.9671731,3.5150282,2.9657404,3.069334,.82650352,.76674247,.40964365,.73463285,15.893413,15.862971,15.877427,15.903778,7.9899998,7.75,7.8600001,8.0699997,6.4099998,12.97,6.2199998,8.6199999,1.02,1.47,.83999997,1.22,23.663645,76.325935,.010419923,0,,,
OK,Oklahoma,13.3622624569804,82.84153005464481,34.47721962616823,69.77451682176091,5.457685664939551,5.222929936305733,5.215065745486962,3.433984606275903,2114489,2022456,2157450,2120843,2,2,2,3,2,2,2,2,Hybrid,Hybrid,Hybrid,Hybrid,2.5924344,4.4169297,3.5402987,4.2452688,1.6970248,1.6530585,1.6515517,1.2337213,14.564323,14.519823,14.584437,14.567325,2.1099999,2.02,2.1600001,2.1199999,15.64,25.84,17.059999,26.26,3.0999999,2.73,2.9100001,4.5,23.031496,,76.968506,0,76.376556,,23.623446
OR,Oregon,34.34478904721989,67.00600365439833,23.4201420506283,51.74718350200497,2.076772491275853,1.766877637130802,1.91042409829568,2.189684738161192,2199360,2174763,2553810,2748232,2,2,2,2,1,1,1,3,Top-Down,Top-Down,Top-Down,Top-Down,3.5364504,4.204782,3.1535964,3.9463699,.73081499,.56921393,.64732528,.78375757,14.603677,14.59243,14.753097,14.826468,2.2,2.1700001,2.55,2.75,27.51,3.3,19.67,33.310001,2.3,.69999999,.86000001,.0099999998,,,,1,61.865189,29.178209,8.9566021
PA,Pennsylvania,30.73438904640066,63.58365543898399,24.50304797243573,73.65436893203884,1.881894873458793,1.971190295678544,2.747059856064595,11.29127358490566,8352342,8072589,8722975,8607748,0,1,2,4,1,1,1,2,Top-Down,Top-Down,Top-Down,Top-Down,3.4253821,4.1523566,3.1987975,4.2993836,.63227916,.67863756,1.0105312,2.4240301,15.938052,15.903985,15.981471,15.968173,8.3500004,8.0699997,8.7200003,8.6099997,12.11,9.8900003,8.8900003,9.5200005,.74000001,2.72,.94999999,4.4499998,33.180584,66.81942,,0,,,
RI,Rhode Island,33.21799307958477,26.92307692307692,19.50399327448508,,.1727115716753022,0,0,,725309,752051,754065,781478,1,1,2,3,1,1,1,2,Hybrid,Hybrid,Hybrid,Top-Down,3.5030916,3.2929838,2.9706192,,-1.7561322,,,,13.494353,13.53056,13.533234,13.568942,.73000002,.75,.75,.77999997,9.8900003,12.38,6.9299998,14.16,1.33,2.76,2.6700001,2.8499999,,,,0,,,
SC,South Carolina,22.33467510063255,32.11822660098522,20.37595729867719,26.64266426642664,.3702058344439508,.7256894049346879,.6120664529291752,.49079754601227,2875121,2881293,3157027,3538580,1,2,2,4,1,1,1,2,Top-Down,Top-Down,Top-Down,Top-Down,3.1061404,3.4694238,3.0143557,3.2825139,-.99369609,-.32063317,-.4909144,-.71172357,14.871605,14.87375,14.965141,15.079236,2.8800001,2.8800001,3.1600001,3.54,3.1700001,3.73,2.1800001,9.1800003,.16,.34,.57999998,3.0999999,16.471647,80.738075,2.7902789,0,,,
SD,South Dakota,20.20854021847071,29.76827094474153,30.14335528864781,12.29885057471264,5.600497822028625,3.553299492385787,5.934553521907931,1.834862385321101,523410,563201,595322,594453,1,1,2,2,1,1,1,3,Bottom-Up,Top-Down,Top-Down,Top-Down,3.0061052,3.3934431,3.4059646,2.5095057,1.7228554,1.2678766,1.7807918,.60696948,13.16812,13.241392,13.296858,13.295397,.51999998,.56,.60000002,.58999997,2.1500001,2.21,.67000002,2.5699999,.2,.31,.34,.34,18.620689,80.229881,1.1494253,1,27.785059,72.214943,0
TN,Tennessee,17.89507154213037,36.09523809523809,21.11827956989247,22.93515358361775,5.909689412129192,3.651266766020864,4.334787350054525,5.070859167404783,4024960,3975587,4110318,4163359,1,1,1,3,0,1,1,2,Bottom-Up,Bottom-Up,Bottom-Up,Bottom-Up,2.8845253,3.5861609,3.050139,3.1326709,1.7765933,1.2950742,1.4666725,1.6235102,15.208026,15.195683,15.229011,15.241833,4.02,3.98,4.1100001,4.1599998,7.3699999,10.25,9.2399998,8.8400002,1.11,.67000002,1.1,2.1500001,19.675768,80.324234,,0,77.06485,,
TX,Texas,45.94287044340709,45.17740706241003,30.43731688985013,33.61545480288204,9.353171945268397,8.248378127896199,6.820286659316428,7.175695530593868,13690729,14020405,14382387,15615925,1,1,1,3,1,1,1,3,Hybrid,Hybrid,Hybrid,Hybrid,3.8273988,3.8105972,3.4156694,3.514986,2.2357156,2.1100166,1.9199015,1.9706997,16.43223,16.456024,16.481514,16.563803,13.69,14.02,14.38,15.62,6.3499999,14.03,9.9799995,14.38,1.54,1.47,1.75,1.61,30.52276,59.369278,10.107962,1,90.986313,8.9815407,.032142527
UT,Utah,29.86407766990291,57.78750540423692,44.76217847391867,59.35074100211715,,9.985917296120855,4.578563995837669,1.302083333333333,1508372,1485705,1577069,1658457,2,2,2,3,1,1,1,3,Top-Down,Top-Down,Top-Down,Hybrid,3.3966563,4.0567727,3.8013635,4.0834646,,2.3011758,1.5213854,.26396555,14.226542,14.2114,14.271079,14.321398,1.51,1.49,1.58,1.66,22.57,50.880001,29.110001,33.84,1.0700001,.85000002,.91000003,.89999998,46.770561,53.135563,.093879081,1,8.2036772,51.438,40.358322
VA,Virginia,16.37249300899059,8.17910447761194,18.68116927260367,25.42750225001184,1.650366748166259,7.932379713914174,6.320013375689684,9.445467826970717,5428091,5280744,5604106,5666627,2,2,2,4,1,1,1,3,Top-Down,Top-Down,Top-Down,Top-Down,2.7956026,2.1015828,2.927516,3.2358313,.50099754,2.0709531,1.8437213,2.2455351,15.507098,15.479578,15.53901,15.550104,5.4299998,5.2800002,5.5999999,5.6700001,4,4.3800001,5.5100002,5.3099999,.54000002,.49000001,.57999998,2.1199999,23.742895,70.291016,5.9660883,1,24.0508,67.843605,8.1055918
VT,Vermont,82.63816475495308,8.893709327548807,4.08975750995295,11.17886178861789,6.906906906906906,2.142857142857143,4.867924528301887,9.229595728451564,460817,444199,472289,489385,1,1,3,3,1,1,1,2,Top-Down,Top-Down,Top-Down,Hybrid,4.4144716,2.1853442,1.4084857,2.4140246,1.9325219,.76214004,1.5826677,2.2224152,13.040756,13.004028,13.065347,13.100904,.46000001,.44,.47,.49000001,4.4099998,3.23,,6.1300001,.69,.98000002,,2.8199999,17.910448,82.089554,,0,88.60244,,
WA,Washington,34.50257739063318,71.87159550494724,43.3203952710062,56.35532448906419,1.100566065528924,1.400679117147708,2.19415474381147,1.506982953378517,3904959,3922378,4872385,4841431,2,2,2,4,1,1,1,3,Hybrid,Hybrid,Hybrid,Bottom-Up,3.541034,4.2748814,3.7686236,4.0316768,.095824651,.33695722,.78579688,.41010961,15.177758,15.182209,15.399095,15.392721,3.9000001,3.9200001,4.8699999,4.8400002,18.059999,45.110001,22.709999,30.23,.94999999,1.26,.91000003,1.04,77.395569,22.604427,0,1,63.0802,26.050011,10.869788
WI,Wisconsin,20.7822808671065,34.68834688346883,28.37239442704396,32.46485473289597,28.43545508625818,5.477178423236515,.6483715319662244,9.103524840410769,3987248,3801533,3768373,3442004,0,2,2,3,1,1,1,2,Hybrid,Hybrid,Hybrid,Top-Down,3.0341008,3.5464039,3.3454165,3.4801581,3.3476367,1.7005901,-.43329141,2.2086618,15.198612,15.150915,15.142154,15.051564,3.99,3.8,3.77,3.4400001,6.6900001,2.3599999,11.87,11.18,.60000002,.40000001,.2,1.6900001,,,,0,,,
WV,West Virginia,28.41269841269841,32.91139240506329,23.4698370761779,14.38763376932224,,2.515723270440252,1.208285385500575,.9722222222222222,1246559,1213759,1254768,1245827,1,2,2,2,1,1,1,3,Top-Down,Top-Down,Top-Down,Top-Down,3.3468361,3.4938188,3.1557162,2.666369,,.92256033,.18920232,-.028170876,14.035897,14.009233,14.042461,14.03531,1.25,1.21,1.25,1.25,9.0699997,9.3299999,8.7399998,14.27,.19,1.1799999,2.72,1.01,28.418549,51.129608,20.451843,1,28.75,49.722221,21.527779
WY,Wyoming,20.15625,45.37205081669691,22.11703958691911,27.24077328646748,3.261578604044357,3.322259136212625,2.320441988950277,6.038647342995169,240438,264930,284203,283941,1,1,1,2,1,1,1,2,Top-Down,Top-Down,Top-Down,Top-Down,3.0035145,3.8148963,3.0963483,3.3047149,1.1822113,1.200645,.84175766,1.79818,12.390218,12.487221,12.557444,12.556521,.23999999,.25999999,.28,.28,2.6800001,4,3.2,3.02,.27000001,.69,.23,.40000001,,,,0,72.759224,,
